{
    "loss": 0.18998309969902039,
    "accuracy": 0.9396551847457886
}