{
    "loss": 0.30348822474479675,
    "accuracy": 0.8879310488700867
}