{
    "loss": 0.23797155916690826,
    "accuracy": 0.9137930870056152
}